{
	"info": {
		"_postman_id": "547d427f-460d-4ab3-8bdc-aa26647bd464",
		"name": "Users_assignment",
		"schema": "https://schema.getpostman.com/json/collection/v2.1.0/collection.json"
	},
	"item": [
		{
			"name": "User Login",
			"event": [
				{
					"listen": "test",
					"script": {
						"type": "text/javascript",
						"exec": [
							"var jsonData = pm.response.json();\r",
							"pm.collectionVariables.set(\"token\",jsonData.token)\r",
							""
						]
					}
				}
			],
			"request": {
				"method": "POST",
				"header": [],
				"body": {
					"mode": "raw",
					"raw": "{\r\n    \"email\":\"salmansrabon@gmail.com\",\r\n    \"password\":\"1234\"\r\n}\r\n",
					"options": {
						"raw": {
							"language": "json"
						}
					}
				},
				"url": {
					"raw": "{{baseUrl}}/user/login",
					"host": [
						"{{baseUrl}}"
					],
					"path": [
						"user",
						"login"
					]
				}
			},
			"response": []
		},
		{
			"name": "Create New User",
			"event": [
				{
					"listen": "test",
					"script": {
						"exec": [
							"var jsonData = pm.response.json();\r",
							"    pm.collectionVariables.set(\"id\",jsonData.user.id)\r",
							"    pm.collectionVariables.set(\"EMAIL\",jsonData.user.email)\r",
							"\r",
							"pm.test(\"Check if new user is created\", function () {\r",
							"    var jsonData = pm.response.json();\r",
							"    pm.expect(jsonData.message).include(\"User created\");\r",
							"});\r",
							"pm.test(\"Status code is 201\", function () {\r",
							"    pm.response.to.have.status(201);\r",
							"});\r",
							"\r",
							""
						],
						"type": "text/javascript"
					}
				},
				{
					"listen": "prerequest",
					"script": {
						"exec": [
							"var nid = _.random(10000000, 99999999)\r",
							"\r",
							"const reqObject = {\r",
							"    url: 'https://randomuser.me/api/',\r",
							"    method: 'GET',\r",
							"    header: 'Content-Type:application/json'\r",
							"};\r",
							"pm.sendRequest(reqObject, (err, res) => {\r",
							"    let { results } = res.json()\r",
							"    let name = results[0].name.first + \" \" + results[0].name.last;\r",
							"    let email = results[0].email;\r",
							"    let phone_number = results[0].phone;\r",
							"    let address = results[0].location.city + \",\" + results[0].location.country\r",
							"    pm.collectionVariables.set(\"name\", name);\r",
							"    pm.collectionVariables.set(\"email\", email);\r",
							"    pm.collectionVariables.set(\"phone_number\", phone_number);\r",
							"    pm.collectionVariables.set(\"address\", address);\r",
							"    pm.collectionVariables.set(\"nid\", nid)\r",
							"});"
						],
						"type": "text/javascript"
					}
				}
			],
			"request": {
				"method": "POST",
				"header": [
					{
						"key": "Authorization",
						"value": "{{token}}",
						"type": "text"
					},
					{
						"key": "X-AUTH-SECRET-KEY",
						"value": "{{partner-key}}",
						"type": "text"
					}
				],
				"body": {
					"mode": "raw",
					"raw": "{\r\n    \"name\":\"{{name}}\",\r\n    \"email\":\"{{email}}\",\r\n    \"password\":\"12345678\",\r\n    \"phone_number\":\"{{phone_number}}\",\r\n    \"nid\":\"{{nid}}\",\r\n    \"role\":\"Customer\"\r\n}",
					"options": {
						"raw": {
							"language": "json"
						}
					}
				},
				"url": {
					"raw": "{{baseUrl}}/user/create",
					"host": [
						"{{baseUrl}}"
					],
					"path": [
						"user",
						"create"
					]
				}
			},
			"response": []
		},
		{
			"name": "User search",
			"event": [
				{
					"listen": "test",
					"script": {
						"exec": [
							""
						],
						"type": "text/javascript"
					}
				}
			],
			"request": {
				"method": "GET",
				"header": [
					{
						"key": "Authorization",
						"value": "{{token}}",
						"type": "text"
					},
					{
						"key": "X-AUTH-SECRET-KEY",
						"value": "{{partner-key}}",
						"type": "text"
					},
					{
						"key": "id",
						"value": "{{id}}",
						"type": "text"
					}
				],
				"url": {
					"raw": "{{baseUrl}}/user/search?emaill={{email}}",
					"host": [
						"{{baseUrl}}"
					],
					"path": [
						"user",
						"search"
					],
					"query": [
						{
							"key": "emaill",
							"value": "{{email}}"
						}
					]
				}
			},
			"response": []
		},
		{
			"name": "Update User partially",
			"event": [
				{
					"listen": "test",
					"script": {
						"type": "text/javascript",
						"exec": [
							"pm.test(\"Check if user is updated\", function () {\r",
							"    var jsonData = pm.response.json();\r",
							"    pm.expect(jsonData.message).contains(\"User updated successfully\");\r",
							"});\r",
							"pm.test(\"Check if user mail is updated as Salman \", function () {\r",
							"    var jsonData = pm.response.json();\r",
							"    pm.expect(jsonData.user.email).contains(\"salman@grr.la\");\r",
							"});\r",
							"pm.test(\"Status code is 200\", function () {\r",
							"    pm.response.to.have.status(200);\r",
							"});"
						]
					}
				}
			],
			"request": {
				"method": "PATCH",
				"header": [
					{
						"key": "Authorization",
						"value": "{{token}}",
						"type": "text"
					},
					{
						"key": "X-AUTH-SECRET-KEY",
						"value": "{{partner-key}}",
						"type": "text"
					}
				],
				"body": {
					"mode": "raw",
					"raw": "{\r\n    \"name\":\"Salman Rahman\",\r\n    \"email\":\"salman@grr.la\"\r\n}",
					"options": {
						"raw": {
							"language": "json"
						}
					}
				},
				"url": {
					"raw": "{{baseUrl}}/user/update/254",
					"host": [
						"{{baseUrl}}"
					],
					"path": [
						"user",
						"update",
						"254"
					]
				}
			},
			"response": []
		},
		{
			"name": "User list",
			"event": [
				{
					"listen": "test",
					"script": {
						"type": "text/javascript",
						"exec": [
							"pm.test(\"Check if user list appears\", function () {\r",
							"    var jsonData = pm.response.json();\r",
							"    pm.expect(jsonData.message).contains(\"User list\");\r",
							"});"
						]
					}
				}
			],
			"request": {
				"method": "GET",
				"header": [
					{
						"key": "Authorization",
						"value": "{{token}}",
						"type": "text"
					},
					{
						"key": "X-AUTH-SECRET-KEY",
						"value": "{{partner-key}}",
						"type": "text"
					}
				],
				"url": {
					"raw": "{{baseUrl}}/user/list",
					"host": [
						"{{baseUrl}}"
					],
					"path": [
						"user",
						"list"
					]
				}
			},
			"response": []
		},
		{
			"name": "Delete User",
			"event": [
				{
					"listen": "test",
					"script": {
						"type": "text/javascript",
						"exec": [
							"pm.test(\"Check if User deleted successfully\", function () {\r",
							"    var jsonData = pm.response.json();\r",
							"    pm.expect(jsonData.message).contains(\"User deleted\");\r",
							"});"
						]
					}
				}
			],
			"request": {
				"method": "DELETE",
				"header": [
					{
						"key": "Authorization",
						"value": "{{token}}",
						"type": "text"
					},
					{
						"key": "X-AUTH-SECRET-KEY",
						"value": "{{partner-key}}",
						"type": "text"
					}
				],
				"body": {
					"mode": "raw",
					"raw": "",
					"options": {
						"raw": {
							"language": "json"
						}
					}
				},
				"url": {
					"raw": "{{baseUrl}}/user/delete/{{id}}",
					"host": [
						"{{baseUrl}}"
					],
					"path": [
						"user",
						"delete",
						"{{id}}"
					]
				}
			},
			"response": []
		}
	],
	"event": [
		{
			"listen": "prerequest",
			"script": {
				"type": "text/javascript",
				"exec": [
					""
				]
			}
		},
		{
			"listen": "test",
			"script": {
				"type": "text/javascript",
				"exec": [
					""
				]
			}
		}
	],
	"variable": [
		{
			"key": "token",
			"value": "eyJhbGciOiJIUzI1NiIsInR5cCI6IkpXVCJ9.eyJlbWFpbCI6InNhbG1hbnNyYWJvbkBnbWFpbC5jb20iLCJwYXNzd29yZCI6IjEyMzQiLCJpYXQiOjE2NDgxMDAwODksImV4cCI6MTY0ODEwMTg4OX0.tlHshxy-_1JSw08gnBT6_RX6w1t41c9pXp1Ctxipvao"
		},
		{
			"key": "partner-key",
			"value": "ROADTOSDET",
			"type": "string"
		},
		{
			"key": "name",
			"value": "Alex Singh"
		},
		{
			"key": "email",
			"value": "alex.singh@example.com"
		},
		{
			"key": "phone_number",
			"value": "(114)-188-5897"
		},
		{
			"key": "address",
			"value": "Wellington,New Zealand"
		},
		{
			"key": "nid",
			"value": 40770610
		},
		{
			"key": "id",
			"value": 958
		},
		{
			"key": "baseUrl",
			"value": "http://dmoney.professionaltrainingbd.com",
			"type": "string"
		},
		{
			"key": "EMAIL",
			"value": "alex.singh@example.com"
		}
	]
}